id;street_address;street_address_2;city;landmark;postal_code;note;is_default;custom_address_type
1;models CFP Franc Human;Quality;Cartershire;Rubber Kansas synthesizing;navigating;Handcrafted Concrete Chicken Architect South Dakota;true;Michigan Cambridgeshire P
2;convergence;Health copy;New Chadrick;override Chair Credit Card Account;Developer;Awesome Wooden Table;false;index indexing
3;invoice China;generating Guyana Dollar;Bradtkeburgh;Applications circuit hacking;interactiv;navigate Skyway orchid;true;driver Alaska contextuall
4;Refined Soft Sausages National National;Soap Orchestrator;Reichelberg;transmit;HTTP Shirt;alarm Quality-focused Neck;false;withdrawal object-oriente
5;National;calculating Awesome Fresh Chips invoice;Rowestad;Gorgeous;generating;Luxembourg deposit;true;Industrial Identity
6;calculate Credit Card Account calculating;calculate;Donavonfurt;Supervisor;Identity;Tasty Ramp;false;Metal
7;Personal Loan Account;payment Dynamic calculating;East Agustina;Cameroon circuit navigating;virtual;transparent Savings Account Computer;true;open-source COM
8;Gorgeous Plastic Car Cambridgeshire;primary;Hickleshire;Haven Marketing;Gold;USB Fantastic Steel Bike;true;azure compress asynchrono
9;integrated optimize infrastructures;Brand Director HTTP;Lake Madisynville;6th generation Anguilla;deposit ap;Checking Account Qatar;false;Namibia
10;Keyboard;Euro digital;Lavadaborough;override SDD;channels;Implemented;false;Barbados Dollar Sausages
