id;first_name;last_name;display_name;profile_picture;profile_picture_content_type;email;birthdate;notes;mobile_number;created_date;last_modified_date
1;Ayana;MacGyver;back-end;../fake-data/blob/hipster.png;image/png;Alessandro_Heller@yahoo.com;2020-05-22T08:33:08;relationships synergy;transformX;2020-05-22T20:16:31;2020-05-22T13:08:09
2;Edmund;Bogan;Incredible navigate;../fake-data/blob/hipster.png;image/png;Amanda54@gmail.com;2020-05-22T13:32:52;Buckinghamshire Accounts;hackXXXXXX;2020-05-22T22:24:59;2020-05-22T06:54:00
3;Aryanna;O'Hara;Investor Planner Supervisor;../fake-data/blob/hipster.png;image/png;Jacky72@hotmail.com;2020-05-23T02:14:59;Incredible Metal Sausages Designer Dale;Florida Tactic;2020-05-22T18:09:42;2020-05-22T11:47:01
4;Coralie;Hintz;experiences;../fake-data/blob/hipster.png;image/png;Lemuel_Erdman67@hotmail.com;2020-05-22T07:19:56;United States of America;CentralXXX;2020-05-23T05:37:54;2020-05-22T15:22:35
5;Julius;Grimes;Cotton cyan;../fake-data/blob/hipster.png;image/png;Ali.Nitzsche26@gmail.com;2020-05-22T07:35:35;Nebraska dedicated;array Via Road;2020-05-22T06:02:15;2020-05-22T06:12:26
6;Pearl;Bartoletti;world-class withdrawal;../fake-data/blob/hipster.png;image/png;Monique_Wolf@gmail.com;2020-05-23T04:34:14;Corporate;Ergonomic Rubb;2020-05-23T03:35:08;2020-05-22T23:18:06
7;Walker;Kautzer;channels;../fake-data/blob/hipster.png;image/png;Rebeka19@hotmail.com;2020-05-22T09:45:33;Avon;backing up;2020-05-23T04:59:28;2020-05-22T06:35:54
8;Daron;Collins;bandwidth;../fake-data/blob/hipster.png;image/png;Robbie14@yahoo.com;2020-05-23T04:44:00;full-range Cote d'Ivoire Small Wooden Salad;experiences;2020-05-22T21:37:00;2020-05-23T01:44:04
9;Karen;Bergnaum;Marketing;../fake-data/blob/hipster.png;image/png;Eugenia.Turner84@gmail.com;2020-05-23T02:17:39;Ergonomic Frozen Towels;Bedfordshire A;2020-05-22T21:44:14;2020-05-22T15:26:08
10;Tevin;Hayes;Pataca Roads Visionary;../fake-data/blob/hipster.png;image/png;Stanton_Kuhn@gmail.com;2020-05-22T17:14:08;Wooden;syndicateX;2020-05-22T19:49:13;2020-05-22T10:15:51
