id;title;version;image_path;created_date;last_modified_date;fields;service_id
1;impactful silver;24;Wooden Auto Loan Account invoice;2020-05-22T19:43:43;2020-05-22T13:48:29;../fake-data/blob/hipster.txt;1
2;Ergonomic Fresh Pants Sav;57;auxiliary International;2020-05-22T08:11:59;2020-05-22T10:27:26;../fake-data/blob/hipster.txt;2
3;indexing Gorgeous Wooden ;76;Fantastic Concrete Computer Ergonomic Infrastructure;2020-05-23T03:48:08;2020-05-23T04:43:56;../fake-data/blob/hipster.txt;3
4;Metal COM North Dakota;14;black Associate Developer;2020-05-22T12:29:07;2020-05-22T10:54:47;../fake-data/blob/hipster.txt;4
5;JSON;56;payment multi-byte;2020-05-22T18:03:29;2020-05-23T04:48:24;../fake-data/blob/hipster.txt;5
6;Music Awesome Cotton Tabl;95;empowering Practical Fresh Chair;2020-05-22T07:12:54;2020-05-22T18:53:05;../fake-data/blob/hipster.txt;6
7;ivory Yuan Renminbi;37;Soap;2020-05-22T22:09:29;2020-05-22T09:14:07;../fake-data/blob/hipster.txt;7
8;program Technician;49;Green Cameroon revolutionize;2020-05-23T02:00:28;2020-05-22T18:19:37;../fake-data/blob/hipster.txt;8
9;input Palladium;14;hack XSS;2020-05-22T13:31:53;2020-05-23T03:55:21;../fake-data/blob/hipster.txt;9
10;Rustic Wooden Car Brand;15;Villages Shoes;2020-05-22T21:04:40;2020-05-22T07:16:44;../fake-data/blob/hipster.txt;10
